Genre,Article Name,Article Text,GPT Summary,Gemini Summary,Grok Summary
Health,Aspirin can reduce the risk of cancer - and we're starting to understand why,"The 4,000-year-old drug, most commonly used to treat pain, prevents certain tumours from forming and spreading across the body – findings that are already changing health policies.

Nick James, a British furniture maker in his mid-40s, first became concerned about his health after his mother died from cancer and his brother, along with several other family members, later developed bowel cancer. He opted to undergo genetic testing, and was found to be carrying a faulty gene which causes Lynch Syndrome, a condition that significantly increases the risk of developing that type of cancer.

Help came from an unexpected place, however, when James became the first person to sign up for a clinical trial that set out to test whether a daily dose of aspirin – the over-the-counter painkiller – could protect against developing cancer.

Depending on the type of gene mutation, 10-80% of people with Lynch syndrome will get bowel cancer during their lifetime. But so far, things are looking good for James. ""He's been on aspirin now with us for 10 years without any cancer so far,"" says John Burn, a professor of clinical genetics at Newcastle University, who led the trial.

It sounds almost impossible to believe, yet there have long been indications that the drug might reduce the chances of colorectal cancer spreading, or even occurring in the first place. In the past year, a string of trials and studies have strengthened such evidence. Some countries have already changed their medical guidelines to include the pill as a first line of protection for those who are most at risk (though experts stress that this should only be done under your doctor's supervision). And we're finally beginning to understand the reasons why it has such a mysterious effect.","The article discusses the use of aspirin, a 4,000-year-old drug, as a preventative measure against certain types of cancer, particularly in individuals with Lynch Syndrome – a condition that increases the risk of bowel cancer. Nick James, a British furniture maker, participated in a clinical trial investigating aspirin's potential to prevent cancer development. James, who carries a faulty gene linked to Lynch Syndrome, has been taking aspirin for 10 years without developing cancer. Recent studies have reinforced the idea that aspirin might reduce the chance of colorectal cancer occurring or spreading, prompting some countries to update their medical guidelines to include aspirin as a preventative measure for high-risk individuals, but always under medical supervision.","The article highlights research showing that aspirin, a common pain reliever, can prevent certain tumors from forming and spreading. This finding is particularly significant for individuals with conditions like Lynch Syndrome, which greatly increases the risk of bowel cancer.

An example is Nick James, who carries the faulty gene for Lynch Syndrome and has remained cancer-free for ten years after participating in a clinical trial led by Professor John Burn, taking daily aspirin. While previous indications existed, recent studies have strengthened the evidence for aspirin's protective effects, leading some countries to update medical guidelines to include it as a preventative measure for high-risk individuals, though always under a doctor's supervision. Scientists are also beginning to understand the mechanisms behind this effect.","**Summary:**

Aspirin, a drug used for pain relief for over 4,000 years, has been proven to significantly reduce the risk of certain cancers — particularly colorectal cancer — from developing or spreading. 

The article highlights the case of Nick James, a British man in his mid-40s with **Lynch Syndrome**, a genetic condition that carries a 10–80% lifetime risk of bowel cancer. After losing his mother to cancer and seeing multiple family members affected, he became the first participant in a clinical trial led by Professor John Burn (Newcastle University) to test whether a daily dose of aspirin could protect against the disease. Ten years later, James remains cancer-free.

Recent trials have provided strong supporting evidence, leading some countries to update their clinical guidelines to recommend aspirin as a preventive treatment for high-risk individuals (though only under medical supervision). Scientists are now beginning to understand the biological mechanisms behind its surprising anti-cancer effects."
